id,categoria,subcategoria,nombre,municipio,zona,direccion,latitud,longitud,telefono,sitio_web,horario,nivel_precio,precio_referencial,google_maps_url,place_id,rnt,descripcion,foto_url,estado,notas
TEQ-001,Hospedaje,Finca turística,Finca Villa Paola,Anapoima,Provincia del Tequendama,"Condominio Portales, vereda La Chica, Anapoima",4.5678997,-74.4993492,+57 311 2407139,,,,Consultar con el proveedor,https://www.google.com/maps/search/?api=1&query=Finca%20Villa%20Paola&query_place_id=ChIJeSjwiqdsP44RqYq-Ff2XAHM,ChIJeSjwiqdsP44RqYq-Ff2XAHM,,,,Pendiente,Reseñas dispares sobre mantenimiento y aseo; evaluar antes de publicar.
TEQ-002,Hospedaje,Glamping,Glamping Paraíso Escondido Anapoima,Anapoima,Provincia del Tequendama,"Muro Blanco, Anapoima",4.539169,-74.5546323,+57 314 4899196,,Lun–Sáb 7:00–23:00; Dom 7:00–22:00,,Consultar con el proveedor,https://www.google.com/maps/search/?api=1&query=Glamping%20Paraíso%20Escondido%20Anapoima&query_place_id=ChIJ93jOlLEVP44RZK9ljqPB3JE,ChIJ93jOlLEVP44RZK9ljqPB3JE,,,,Pendiente,El punto en Maps queda lejos del lugar real y falta señalización; reseñas mixtas.
TEQ-003,Hospedaje,Hotel,Hotel Anapoima,Anapoima,Provincia del Tequendama,"Cl. 6 #3A-19, Anapoima",4.5515247,-74.5347098,+57 313 3880749,http://www.hotelanapoima.com/,,,Consultar con el proveedor,https://www.google.com/maps/search/?api=1&query=Hotel%20Anapoima&query_place_id=ChIJSahwRNAUP44RFkHxhCO6dA0,ChIJSahwRNAUP44RFkHxhCO6dA0,,,,Pendiente,"Estilo resort, apto para familias."
TEQ-004,Hospedaje,Hotel & spa,Hotel Le Falep & Spa,Anapoima,Provincia del Tequendama,"Anapoima, Cundinamarca",4.5538813,-74.5317743,+57 311 7465936,,Recepción 24 h,,Consultar con el proveedor,https://www.google.com/maps/search/?api=1&query=Hotel%20Le%20Falep%20%26%20Spa&query_place_id=ChIJkSaJi3xrP44R4HW9zjoBj_w,ChIJkSaJi3xrP44R4HW9zjoBj_w,,,,Pendiente,
TEQ-005,Hospedaje,Hotel boutique,La Masia Hotel Boutique,Anapoima,Provincia del Tequendama,"Vereda Las Mercedes, Anapoima",4.5753515,-74.5293597,+57 301 6449652,http://www.lamasiaanapoima.com/,,,Consultar con el proveedor,https://www.google.com/maps/search/?api=1&query=La%20Masia%20Hotel%20Boutique&query_place_id=ChIJ4_o31D1rP44Rh8dDqBAjbjw,ChIJ4_o31D1rP44Rh8dDqBAjbjw,,,,Pendiente,Ubicación algo apartada; casi todo el plan es dentro del hotel.
TEQ-006,Hospedaje,Finca turística,Finca Campestre La Esperanza,Anolaima,Provincia del Tequendama,"Vereda Santa Bárbara km 4.7, Anolaima",4.7920841,-74.4615626,+57 310 2926970,,Abierto 24 h (según Google),,Consultar con el proveedor,https://www.google.com/maps/search/?api=1&query=Finca%20Campestre%20La%20Esperanza&query_place_id=ChIJ8T8r8YhlP44RfBRildh55xI,ChIJ8T8r8YhlP44RfBRildh55xI,,,,Pendiente,"Estanque de pesca, salón de eventos; incluye desayuno y cena según reseñas."
TEQ-007,Hospedaje,Finca turística,Finca El Encanto (Anolaima),Anolaima,Provincia del Tequendama,"Anolaima, Cundinamarca",4.7589744,-74.4861831,,,,,Consultar con el proveedor,https://www.google.com/maps/search/?api=1&query=Finca%20El%20Encanto%20%28Anolaima%29&query_place_id=ChIJz-HBZGdlP44Raom_Oi2hkPo,ChIJz-HBZGdlP44Raom_Oi2hkPo,,,,Pendiente,Sin teléfono en Google; verificar.
TEQ-008,Hospedaje,Glamping,Luz de Luna Glamping,Anolaima,Provincia del Tequendama,"Vereda Los Balsos, Matima, Anolaima",4.7860244,-74.4302974,+57 314 4106486,,,,Consultar con el proveedor,https://www.google.com/maps/search/?api=1&query=Luz%20de%20Luna%20Glamping&query_place_id=ChIJ-YjsCCplP44R1dT2zlu0_Yg,ChIJ-YjsCCplP44R1dT2zlu0_Yg,,,,Pendiente,Lejos del casco urbano; admite mascotas.
TEQ-009,Hospedaje,Hospedaje campestre,Ubazhue Hospedaje Campestre,Anolaima,Provincia del Tequendama,"Anolaima, Cundinamarca",4.75943,-74.478656,+57 310 7517665,,,,Consultar con el proveedor,https://www.google.com/maps/search/?api=1&query=Ubazhue%20Hospedaje%20Campestre&query_place_id=ChIJcfrkL0RlP44R43u6VO-rwbw,ChIJcfrkL0RlP44R43u6VO-rwbw,,,,Pendiente,Cerca de finca de cabras (Aprisco Europa).
TEQ-010,Hospedaje,Glamping,Alam Glamping,Apulo,Provincia del Tequendama,"Apulo, Cundinamarca",4.511,-74.6110278,+57 313 4884218,,Abierto 24 h (según Google),,Consultar con el proveedor,https://www.google.com/maps/search/?api=1&query=Alam%20Glamping&query_place_id=ChIJryvTdas_P44R-8QFHOv6jK0,ChIJryvTdas_P44R-8QFHOv6jK0,,,,Pendiente,"Domos, juegos y paseos en cuatrimoto según reseñas; admite mascotas."
TEQ-011,Hospedaje,Finca turística,Finca Bellavista Apulo,Apulo,Provincia del Tequendama,"Cl. 7 #5-60, Apulo",4.5164569,-74.5949076,+57 305 7524816,,,,Consultar con el proveedor,https://www.google.com/maps/search/?api=1&query=Finca%20Bellavista%20Apulo&query_place_id=ChIJI8qlEJw_P44RZ4gsXKrrdT8,ChIJI8qlEJw_P44RZ4gsXKrrdT8,,,,Pendiente,Cerca del casco urbano; pocas reseñas.
TEQ-012,Hospedaje,Finca turística,Finca de Alquiler (Apulo),Apulo,Provincia del Tequendama,"Apulo, Cundinamarca",4.5223104,-74.5448166,+57 301 2571440,,Abierto 24 h (según Google),,Consultar con el proveedor,https://www.google.com/maps/search/?api=1&query=Finca%20de%20Alquiler%20%28Apulo%29&query_place_id=ChIJcf9p4f0UP44R8Loq-EVe_s8,ChIJcf9p4f0UP44R8Loq-EVe_s8,,,,Pendiente,Nombre genérico en Google; confirmar nombre comercial con el propietario.
TEQ-013,Hospedaje,Hotel campestre,Hotel Campestre El Peñón de Apulo,Apulo,Provincia del Tequendama,"Cl. 23 N5-28, barrio La Agronómica, Apulo",4.5275909,-74.5856808,+57 310 8706743,,Recepción 24 h,,Consultar con el proveedor,https://www.google.com/maps/search/?api=1&query=Hotel%20Campestre%20El%20Peñón%20de%20Apulo&query_place_id=ChIJ3wPgPnsVP44RbCMba-OVE48,ChIJ3wPgPnsVP44RbCMba-OVE48,,,,Pendiente,Bien valorado por servicio y atención.
TEQ-014,Hospedaje,Hotel,Hotel Los Balcones de Apulo,Apulo,Provincia del Tequendama,"Cl. 14 #6-23, Autopista, Apulo",4.522142,-74.592647,+57 311 5698146,,Recepción 24 h,,Confirmar si la tarifa es por persona o por habitación,https://www.google.com/maps/search/?api=1&query=Hotel%20Los%20Balcones%20de%20Apulo&query_place_id=ChIJ5b2LMH4VP44R5Fo_bQIc0ro,ChIJ5b2LMH4VP44R5Fo_bQIc0ro,,,,Pendiente,"Piscina en terraza; reseñas mixtas, algunas por precios poco claros. Confirmar si la tarifa es por persona."
TEQ-015,Hospedaje,Glamping,Elementium Glamping,Cachipay,Provincia del Tequendama,"Cachipay, Cundinamarca",4.7270625,-74.4449375,+57 321 4180046,,,,Consultar con el proveedor,https://www.google.com/maps/search/?api=1&query=Elementium%20Glamping&query_place_id=ChIJfUfOs2pvP44RKNSNRSBpne0,ChIJfUfOs2pvP44RKNSNRSBpne0,,,,Pendiente,Muy bien valorado; carpas temáticas.
TEQ-016,Hospedaje,Finca turística,Finca Turística San Miguel,Cachipay,Provincia del Tequendama,"Cachipay, Cundinamarca",4.7576129,-74.4279055,,,,,Consultar con el proveedor,https://www.google.com/maps/search/?api=1&query=Finca%20Turística%20San%20Miguel&query_place_id=ChIJeYEKJphlP44RMiB-9zpxQz4,ChIJeYEKJphlP44RMiB-9zpxQz4,,,,Pendiente,Acceso a quebrada; admite mascotas; sin teléfono en Google.
TEQ-017,Hospedaje,Hotel,Hotel Letty,Cachipay,Provincia del Tequendama,"Centro, Cachipay",4.7316029,-74.4371023,+57 300 7081106,,,,Consultar con el proveedor,https://www.google.com/maps/search/?api=1&query=Hotel%20Letty&query_place_id=ChIJ4zkHRmxlP44RKg-zaAEg7s4,ChIJ4zkHRmxlP44RKg-zaAEg7s4,,,,Pendiente,Céntrico y económico según reseñas.
TEQ-018,Hospedaje,Hotel campestre,Hotel Manantial – Cachipay,Cachipay,Provincia del Tequendama,"Vía Cachipay km 6, Peña Negra",4.7072588,-74.4700796,+57 311 7039801,,,,Consultar con el proveedor,https://www.google.com/maps/search/?api=1&query=Hotel%20Manantial%20–%20Cachipay&query_place_id=ChIJp9_kBABvP44RyZua8bum7kw,ChIJp9_kBABvP44RyZua8bum7kw,,,,Pendiente,Muy bien valorado; también para eventos.
TEQ-019,Hospedaje,Finca turística,Finca El Encanto – Mesitas del Colegio,El Colegio,Provincia del Tequendama,Mesitas del Colegio,4.5786684,-74.4550522,+57 314 2367605,,Todos los días 7:00–23:00,,Consultar con el proveedor,https://www.google.com/maps/search/?api=1&query=Finca%20El%20Encanto%20–%20Mesitas%20del%20Colegio&query_place_id=ChIJZ9OYsrptP44RGDWbKJU467s,ChIJZ9OYsrptP44RGDWbKJU467s,,,,Pendiente,"Reseñas negativas sobre reembolsos, aseo y cobros; evaluar antes de publicar."
TEQ-020,Hospedaje,Finca turística,Finca Hotel Campestre Villa Alejandra,El Colegio,Provincia del Tequendama,Mesitas del Colegio (junto a Los Caimos),4.5712249,-74.4547565,+57 319 6854036,,Recepción 24 h,,"~$180.000 fin de semana (reseña, sin fecha)",https://www.google.com/maps/search/?api=1&query=Finca%20Hotel%20Campestre%20Villa%20Alejandra&query_place_id=ChIJS8FA0pNtP44Rm09n3i3f_W8,ChIJS8FA0pNtP44Rm09n3i3f_W8,,,,Pendiente,"Cascada natural; reseñas mixtas sobre aseo, comida y aforo."
TEQ-021,Hospedaje,Hotel,Hotel Trópico Real Mesitas,El Colegio,Provincia del Tequendama,"Cl. 5A, vía principal El Colegio #3D-53, Mesitas",4.5803154,-74.4421331,+57 320 3394879,https://www.facebook.com/HotelTropicoReal,Recepción 24 h,,Consultar con el proveedor,https://www.google.com/maps/search/?api=1&query=Hotel%20Trópico%20Real%20Mesitas&query_place_id=ChIJCSvMxj1tP44R6RX1Ealsky0,ChIJCSvMxj1tP44R6RX1Ealsky0,,,,Pendiente,"Pequeño, solo 3 parqueaderos."
TEQ-022,Hospedaje,Centro vacacional,Hotel Vacation Center La Primavera,El Colegio,Provincia del Tequendama,"Cl. 2 #3A-1, Mesitas del Colegio",4.5783593,-74.444387,+57 313 2500728,http://hotelycentrovacacionallaprimavera.com/,Lun–Vie 8:00–17:00; Sáb–Dom 8:00–18:00,,Consultar con el proveedor,https://www.google.com/maps/search/?api=1&query=Hotel%20Vacation%20Center%20La%20Primavera&query_place_id=ChIJUdRlBRltP44RvHgCHFgt4LM,ChIJUdRlBRltP44RvHgCHFgt4LM,,,,Pendiente,Horario corresponde al establecimiento/spa; confirmar recepción.
TEQ-023,Hospedaje,Camping,Atrapasueños Camping & Piscina,La Mesa,Provincia del Tequendama,"Vía rural, La Mesa",4.6056081,-74.4663831,+57 311 2942178,,Todos los días 8:00–22:00,,Consultar con el proveedor,https://www.google.com/maps/search/?api=1&query=Atrapasueños%20Camping%20%26%20Piscina&query_place_id=ChIJoSHljeJtP44Rb8oitq1OHu8,ChIJoSHljeJtP44Rb8oitq1OHu8,,,,Pendiente,Camping familiar con piscina; el acceso sin pavimentar se complica tras lluvias.
TEQ-024,Hospedaje,Glamping,Eco-glamping Sol de Luna,La Mesa,Provincia del Tequendama,"San Joaquín, La Mesa",4.6597657,-74.5394926,+57 314 8636788,,,,Consultar con el proveedor,https://www.google.com/maps/search/?api=1&query=Eco-glamping%20Sol%20de%20Luna&query_place_id=ChIJey4n-LlpP44RCAZSo9Fe8FE,ChIJey4n-LlpP44RCAZSo9Fe8FE,,,,Pendiente,Domos con jacuzzi; reseñas piden mejorar aseo y ubicación de la ducha.
TEQ-025,Hospedaje,Finca turística,Finca Hotel Paraíso Terrenal,La Mesa,Provincia del Tequendama,"Cl. 4 #2-70, vereda La Esperanza, La Mesa",4.6982744,-74.433121,+57 320 2350624,,Recepción 24 h,,Consultar con el proveedor,https://www.google.com/maps/search/?api=1&query=Finca%20Hotel%20Paraíso%20Terrenal&query_place_id=ChIJRe7GQ5RvP44R86dpkjklRFQ,ChIJRe7GQ5RvP44R86dpkjklRFQ,,,,Pendiente,"Cascadas, piscinas y terapias de barro; caminata a cascadas."
TEQ-026,Hospedaje,Finca turística,Finca Turística Hualcala,La Mesa,Provincia del Tequendama,"Vereda Payacal, La Mesa",4.6709456,-74.4068331,+57 316 5329991,,,,Consultar con el proveedor,https://www.google.com/maps/search/?api=1&query=Finca%20Turística%20Hualcala&query_place_id=ChIJQTIpKK9vP44R03a0PsvdxXg,ChIJQTIpKK9vP44R03a0PsvdxXg,,,,Pendiente,Clima templado; piscina fría según reseñas.
TEQ-027,Hospedaje,Finca turística,Finca Turística Villa Karen,La Mesa,Provincia del Tequendama,"Vereda Lagunas, La Mesa",4.6120153,-74.4610039,+57 305 7943437,,Lun cerrado; Mar–Dom 10:00–17:00,,Consultar con el proveedor,https://www.google.com/maps/search/?api=1&query=Finca%20Turística%20Villa%20Karen&query_place_id=ChIJu37UoONtP44RoJEZx8Xht4E,ChIJu37UoONtP44RoJEZx8Xht4E,,,,Pendiente,Piscina con jacuzzi y canchas; reseñas mencionan restricciones de ingreso y desayuno costoso.
TEQ-028,Hospedaje,Glamping,Glamping Realismo Mágico,La Mesa,Provincia del Tequendama,"Finca Catalina, La Esperanza–El Ocaso, La Mesa",4.6974344,-74.4302808,+57 321 3736086,,,,Consultar con el proveedor,https://www.google.com/maps/search/?api=1&query=Glamping%20Realismo%20Mágico&query_place_id=ChIJDQ7CRtxvP44R-8FqXefoPW0,ChIJDQ7CRtxvP44R-8FqXefoPW0,,,,Pendiente,Cerca de Salto de las Monjas y Cueva del Mohan; aviturismo.
TEQ-029,Hospedaje,Hotel,Hotel Aguablanca,La Mesa,Provincia del Tequendama,"Entrada Barrio Comfenalco, La Mesa",4.6239356,-74.4762845,+57 311 4945856,,,,Consultar con el proveedor,https://www.google.com/maps/search/?api=1&query=Hotel%20Aguablanca&query_place_id=ChIJac9dQz5sP44RUt6mUcOkoU8,ChIJac9dQz5sP44RUt6mUcOkoU8,,,,Pendiente,Opción económica con piscina; sin aire acondicionado según reseñas.
TEQ-030,Hospedaje,Hotel,Hotel El Mirador Los Nevados,La Mesa,Provincia del Tequendama,"Cra. 21 #9-13, La Mesa",4.6332716,-74.4637344,+57 320 3561384,,Recepción 24 h,,"~$70.000 por noche en hab. sencilla (reseña, sin fecha)",https://www.google.com/maps/search/?api=1&query=Hotel%20El%20Mirador%20Los%20Nevados&query_place_id=ChIJn3n_fChsP44RnedhbOmPac4,ChIJn3n_fChsP44RnedhbOmPac4,,,,Pendiente,"Reseñas mixtas (limpieza, ruido); evaluar antes de publicar."
TEQ-031,Hospedaje,Hotel boutique,KAU Hotel,La Mesa,Provincia del Tequendama,"Cl. 4 #15-25, La Mesa",4.6306028,-74.4580535,+57 601 9504649,https://www.kauhotel.com/,Recepción 24 h,,Consultar con el proveedor,https://www.google.com/maps/search/?api=1&query=KAU%20Hotel&query_place_id=ChIJ2UDlzf9tP44RcfxOqqsF-v8,ChIJ2UDlzf9tP44RcfxOqqsF-v8,,,,Pendiente,Restaurante Los Almendros dentro del hotel; también eventos.
TEQ-032,Hospedaje,Glamping,La Julita Glamping,La Mesa,Provincia del Tequendama,"La Mesa, Cundinamarca",4.6989619,-74.4110201,+57 318 0399911,,,,Consultar con el proveedor,https://www.google.com/maps/search/?api=1&query=La%20Julita%20Glamping&query_place_id=ChIJx_iRj31vP44Rj0ZOlQwXfBg,ChIJx_iRj31vP44Rj0ZOlQwXfBg,,,,Pendiente,"Domos, spa y jacuzzi; muy popular (cientos de reseñas)."
TEQ-033,Hospedaje,Finca turística,Mulata Retreat,La Mesa,Provincia del Tequendama,"San Joaquín, La Mesa",4.656431,-74.5117749,+57 350 6370000,,,,Consultar con el proveedor,https://www.google.com/maps/search/?api=1&query=Mulata%20Retreat&query_place_id=ChIJP7DkkhdpP44R39_l0-ZT-wk,ChIJP7DkkhdpP44R39_l0-ZT-wk,,,,Pendiente,Eco-hotel junto a un lago; baños exteriores por concepto; jacuzzi de agua fría según reseñas.
TEQ-034,Hospedaje,Camping,Zona de Camping – Altos de la Reserva,La Mesa,Provincia del Tequendama,"Vía Payacal, La Mesa",4.656631,-74.4167735,+57 312 3020377,,Lun–Mié 9:00–17:00; Jue–Sáb 9:00–21:00; Dom 9:00–18:00,,Consultar con el proveedor,https://www.google.com/maps/search/?api=1&query=Zona%20de%20Camping%20–%20Altos%20de%20la%20Reserva&query_place_id=ChIJCW80hplvP44R81aNoXGoXjc,ChIJCW80hplvP44R81aNoXGoXjc,,,,Pendiente,Reserva con fauna; buen sitio de aviturismo; la vía es difícil tras lluvias.
TEQ-035,Hospedaje,Finca turística,Finca Agroturística El Sinaí,Quipile,Provincia del Tequendama,"Vereda Sinaí Alto, Quipile",4.7363591,-74.5546609,+57 314 2176420,,Abierto todo el día (según Google),,Consultar con el proveedor,https://www.google.com/maps/search/?api=1&query=Finca%20Agroturística%20El%20Sinaí&query_place_id=ChIJLxyhVPlnP44RLcxRFwxR6vI,ChIJLxyhVPlnP44RLcxRFwxR6vI,,,,Pendiente,Tour de café; pocas reseñas.
TEQ-036,Hospedaje,Cabañas,Paraíso de la Montaña,Quipile,Provincia del Tequendama,"Vereda Berlín, La Sierra, Quipile",4.7484813,-74.5548073,+57 313 8066454,,,,Consultar con el proveedor,https://www.google.com/maps/search/?api=1&query=Paraíso%20de%20la%20Montaña&query_place_id=ChIJMeQ6jYpnP44RZxGDskSR_M0,ChIJMeQ6jYpnP44RZxGDskSR_M0,,,,Pendiente,Cabañas y restaurante con estufa de leña; eventos.
TEQ-037,Hospedaje,Hotel & spa,Anne Spa Hotel,San Antonio del Tequendama,Provincia del Tequendama,"El Colegio–El Charquito, San Antonio del Tequendama",4.5959164,-74.3811384,,,,,Consultar con el proveedor,https://www.google.com/maps/search/?api=1&query=Anne%20Spa%20Hotel&query_place_id=ChIJ-6jJzl9yP44R2WUAcWoWRl0,ChIJ-6jJzl9yP44R2WUAcWoWRl0,,,,Pendiente,Reseñas mencionan problemas de aislamiento acústico y de servicios; verificar.
TEQ-038,Hospedaje,Club / hotel,Club Social y Deportivo Villa Loren,San Antonio del Tequendama,Provincia del Tequendama,"Km 21 vía Bogotá–El Colegio, El Charquito",4.5958429,-74.3650433,+57 316 6970898,,Lun–Jue 8:00–20:00; Vie–Dom 8:00–22:00,,Consultar con el proveedor,https://www.google.com/maps/search/?api=1&query=Club%20Social%20y%20Deportivo%20Villa%20Loren&query_place_id=ChIJy0gJ5mRuP44RRzanZxwldYU,ChIJy0gJ5mRuP44RRzanZxwldYU,,,,Pendiente,"Piscinas, pesca y juegos."
TEQ-039,Hospedaje,Camping,Ecoparque ECOCENTER,San Antonio del Tequendama,Provincia del Tequendama,"El Colegio – El Charquito, San Antonio del Tequendama",4.5872617,-74.3369247,+57 311 2483263,,,,Consultar con el proveedor,https://www.google.com/maps/search/?api=1&query=Ecoparque%20ECOCENTER&query_place_id=ChIJBRbTmQxzP44RjwKRyVIuky4,ChIJBRbTmQxzP44RjwKRyVIuky4,,,,Pendiente,Parque con dos zonas de camping y zona de asados; reseñas indican pocos baños.
TEQ-040,Hospedaje,Glamping,Entre Mangos Glamping,San Antonio del Tequendama,Provincia del Tequendama,San Antonio del Tequendama,4.6251935,-74.3604979,+57 319 6160103,,Lun–Mié cerrado; Jue–Dom abierto 24 h,,Consultar con el proveedor,https://www.google.com/maps/search/?api=1&query=Entre%20Mangos%20Glamping&query_place_id=ChIJcVXjLnlzP44Ry5kmzJ7f4eY,ChIJcVXjLnlzP44Ry5kmzJ7f4eY,,,,Pendiente,Solo opera jueves a domingo según Google.
TEQ-041,Hospedaje,Finca turística,Finca Santarem,San Antonio del Tequendama,Provincia del Tequendama,"Vereda Quebrada Grande, San Antonio del Tequendama",4.6150009,-74.3678781,+57 319 2497753,,Abierto 24 h (según Google),,"Alojamiento + 3 comidas ~$50.000 (reseña de 2021, desactualizado)",https://www.google.com/maps/search/?api=1&query=Finca%20Santarem&query_place_id=ChIJKbrA5m5zP44RnbrNWYQKePI,ChIJKbrA5m5zP44RnbrNWYQKePI,,,,Pendiente,Piscina grande; reseñas indican desgaste en instalaciones.
TEQ-042,Hospedaje,Glamping,Glamping La Cabana,San Antonio del Tequendama,Provincia del Tequendama,"Vereda El Cajón, San Antonio del Tequendama",4.62893,-74.3339873,,,,,Consultar con el proveedor,https://www.google.com/maps/search/?api=1&query=Glamping%20La%20Cabana&query_place_id=ChIJl3kc_t5zP44RecSR1s1_lJ0,ChIJl3kc_t5zP44RecSR1s1_lJ0,,,,Pendiente,Reseñas advierten de suplantación del nombre y publicidad engañosa; confirmar canal oficial de reservas.
TEQ-043,Hospedaje,Glamping,NaturalMENTE Glamping,San Antonio del Tequendama,Provincia del Tequendama,"Vía La Honda, San Antonio del Tequendama",4.6252359,-74.3596708,,,,,Consultar con el proveedor,https://www.google.com/maps/search/?api=1&query=NaturalMENTE%20Glamping&query_place_id=ChIJW3wSdUFzP44RVADNskCOuHs,ChIJW3wSdUFzP44RVADNskCOuHs,,,,Pendiente,Sin teléfono en Google; verificar.
TEQ-044,Hospedaje,Glamping,Entre Rocas Glamping Tena,Tena,Provincia del Tequendama,"Tena, Cundinamarca (código JJJ4+95)",4.630657,-74.395248,+57 300 3909620,,Atención 9:00–21:00,,Consultar con el proveedor,https://www.google.com/maps/search/?api=1&query=Entre%20Rocas%20Glamping%20Tena&query_place_id=ChIJSbMjlzpzP44RE64EgaYk-9A,ChIJSbMjlzpzP44RE64EgaYk-9A,,,,Pendiente,Jacuzzi y proyector en cabañas según reseñas; muy bien calificado.
TEQ-045,Hospedaje,Camping,Finca El Palmar (camping),Tena,Provincia del Tequendama,"Vereda La Laguneta, Tena",4.6715202,-74.3645209,+57 304 2703809,,Lun y Jue–Sáb 6:30–17:30; Mar–Mié cerrado; Dom 6:00–17:30,,Consultar con el proveedor,https://www.google.com/maps/search/?api=1&query=Finca%20El%20Palmar%20%28camping%29&query_place_id=ChIJf_1HAwBxP44R7cVT5kO65VE,ChIJf_1HAwBxP44R7cVT5kO65VE,,,,Pendiente,Camping en ruta del Camino Real de Tena; comida típica y asados.
TEQ-046,Hospedaje,Finca turística,Finca Turística Villa María,Tena,Provincia del Tequendama,"Vereda El Rosario, Tena",4.6574752,-74.4068599,+57 305 7067186,,Abierto 24 h (según Google),,"Piscina ~$8.000; alojamiento ~$35.000 (reseña, sin fecha)",https://www.google.com/maps/search/?api=1&query=Finca%20Turística%20Villa%20María&query_place_id=ChIJwRBpkyBuP44RfHksnX-Fbhk,ChIJwRBpkyBuP44RfHksnX-Fbhk,,,,Pendiente,"Piscina, bolos, tejo y zona de asados."
TEQ-047,Hospedaje,Glamping,Glamping Villa Pedregal,Tena,Provincia del Tequendama,"Cl. 2A #2-67, La Gran Vía, Tena",4.6484055,-74.4097508,+57 301 4480826,,,,Consultar con el proveedor,https://www.google.com/maps/search/?api=1&query=Glamping%20Villa%20Pedregal&query_place_id=ChIJEcSVokhvP44RlHTX_3Db224,ChIJEcSVokhvP44RlHTX_3Db224,,,,Pendiente,"Pocas reseñas, todas positivas."
TEQ-048,Hospedaje,Glamping,Oasis Glamping Vía La Mesa,Tena,Provincia del Tequendama,"Tena, Cundinamarca",4.6387193,-74.3935206,+57 350 2828282,,,,Consultar con el proveedor,https://www.google.com/maps/search/?api=1&query=Oasis%20Glamping%20Vía%20La%20Mesa&query_place_id=ChIJ937UIllxP44RRztY7mWDFiE,ChIJ937UIllxP44RRztY7mWDFiE,,,,Pendiente,Domos y masajes al aire libre; muy bien valorado.
TEQ-049,Hospedaje,Finca turística,Finca Vacacional Agua Viva,Viotá,Provincia del Tequendama,"Vereda Las Palmas, Viotá",4.4381505,-74.4770043,+57 311 2114774,,,,Consultar con el proveedor,https://www.google.com/maps/search/?api=1&query=Finca%20Vacacional%20Agua%20Viva&query_place_id=ChIJN8yrDaURP44RRme935AOANg,ChIJN8yrDaURP44RRme935AOANg,,,,Pendiente,Muy bien valorada; vía destapada y quebrada dentro de la finca.
TEQ-050,Hospedaje,Finca turística,Finca Viotá,Viotá,Provincia del Tequendama,"Viotá, Cundinamarca",4.4024501,-74.515591,+57 315 3156219,,,,Consultar con el proveedor,https://www.google.com/maps/search/?api=1&query=Finca%20Viotá&query_place_id=ChIJo1avIdEXP44RutKBw_LOlSU,ChIJo1avIdEXP44RutKBw_LOlSU,,,,Pendiente,Pocas reseñas; verificar oferta real.
TEQ-051,Hospedaje,Glamping,Glamping El Mirador de la Montaña,Viotá,Provincia del Tequendama,"Zona rural, Viotá",4.3849658,-74.4314623,+57 313 4763172,,,,Consultar con el proveedor,https://www.google.com/maps/search/?api=1&query=Glamping%20El%20Mirador%20de%20la%20Montaña&query_place_id=ChIJeQ1dgMAbP44RQ5-jfYWFTFQ,ChIJeQ1dgMAbP44RQ5-jfYWFTFQ,,,,Pendiente,Incluye paseo a caballo según reseñas.
TEQ-052,Hospedaje,Glamping,Glamping Villa Cruz,Viotá,Provincia del Tequendama,"Viotá, Cundinamarca",4.4279813,-74.5181407,+57 301 5326848,,,,Consultar con el proveedor,https://www.google.com/maps/search/?api=1&query=Glamping%20Villa%20Cruz&query_place_id=ChIJs8V0yWEXP44Rr5r6N1qe8AE,ChIJs8V0yWEXP44Rr5r6N1qe8AE,,,,Pendiente,Enfocado en parejas; reseñas reportan fallas de calefacción del jacuzzi.
TEQ-053,Hospedaje,Hacienda cafetera,Hacienda Cafetera Ceylán,Viotá,Provincia del Tequendama,"Vereda Ceylán, Viotá",4.4455274,-74.4778629,+57 310 7115625,,,,Consultar con el proveedor,https://www.google.com/maps/search/?api=1&query=Hacienda%20Cafetera%20Ceylán&query_place_id=ChIJkZi6IXURP44R0oO4JlvNTGU,ChIJkZi6IXURP44R0oO4JlvNTGU,,,,Pendiente,Hacienda de más de 100 años con alojamiento y tour de café.
TEQ-054,Hospedaje,Hospedaje campestre,Hotel Campestre La Toscana,Viotá,Provincia del Tequendama,"Vereda Las Palmas, Viotá",4.4366994,-74.5178887,+57 321 4265123,,,,Consultar con el proveedor,https://www.google.com/maps/search/?api=1&query=Hotel%20Campestre%20La%20Toscana&query_place_id=ChIJ5Ty_xqkXP44REGk2RDlhEF8,ChIJ5Ty_xqkXP44REGk2RDlhEF8,,,,Pendiente,Reseñas muy dispares en limpieza; verificar.
TEQ-055,Hospedaje,Hotel,Hotel Viotá Plaza,Viotá,Provincia del Tequendama,"Cl. 19 #10-25, Viotá",4.4388918,-74.5217568,+57 313 3494971,,Recepción 24 h,,Consultar con el proveedor,https://www.google.com/maps/search/?api=1&query=Hotel%20Viotá%20Plaza&query_place_id=ChIJQdZlwd8WP44RXcRDjqjGbg4,ChIJQdZlwd8WP44RXcRDjqjGbg4,,,,Pendiente,Frente al parque principal; reseñas mencionan deterioro y cobro extra de piscina.
TEQ-056,Hospedaje,Hotel & piscina,Hotel y Piscina Villa Itzae,Viotá,Provincia del Tequendama,"Chavita Resort, Viotá",4.4385557,-74.517963,+57 310 2834412,,,,Pasadía piscina ~$13.000 (reseña),https://www.google.com/maps/search/?api=1&query=Hotel%20y%20Piscina%20Villa%20Itzae&query_place_id=ChIJeWZyrO8XP44RbD68vM3NunA,ChIJeWZyrO8XP44RbD68vM3NunA,,,,Pendiente,Pasadía con piscina; cerca del río Lindo.
TEQ-057,Hospedaje,Camping,Viota Extreme – camping y hospedaje,Viotá,Provincia del Tequendama,"Viotá, Cundinamarca",4.4857468,-74.4642742,+57 311 2941966,,,,Consultar con el proveedor,https://www.google.com/maps/search/?api=1&query=Viota%20Extreme%20–%20camping%20y%20hospedaje&query_place_id=ChIJ2z9P7nUTP44RxMTXg_BsO0U,ChIJ2z9P7nUTP44RxMTXg_BsO0U,,,,Pendiente,Zona de camping y cabañas; cascada a 15 min a pie; sin señalización y vía rústica.
TEQ-058,Restaurante,Parrilla y bar,Aborigen Bar y Comida Salvaje,Anapoima,Provincia del Tequendama,"Cra. 2 #1-40 Sur, Anapoima",4.5477654,-74.536271,+57 321 9403705,https://www.facebook.com/Aborigen.Anapoima,Lun–Mié 12:00–22:00; Jue 12:00–23:00; Vie 12:00–00:00; Sáb 12:00–02:00; Dom 12:00–22:00,$$ (moderado),Consultar con el proveedor,https://www.google.com/maps/search/?api=1&query=Aborigen%20Bar%20y%20Comida%20Salvaje&query_place_id=ChIJw1A2CIYVP44RJXMFOq46CHs,ChIJw1A2CIYVP44RJXMFOq46CHs,,,,Pendiente,Vista al valle.
TEQ-059,Restaurante,Café y restaurante,Bruno – Restaurante & Café,Anapoima,Provincia del Tequendama,"Cra. 2 #3-2, Anapoima",4.5494313,-74.5352694,+57 320 9194104,https://www.facebook.com/brunorestaurantecafe/,Lun–Jue y Dom 12:00–20:00; Vie–Sáb 12:00–20:30,$$ (moderado),Platos de ~$35.000 a más de $50.000 (reseña),https://www.google.com/maps/search/?api=1&query=Bruno%20–%20Restaurante%20%26%20Café&query_place_id=ChIJkdriMdAUP44RWNJ5da8VRvY,ChIJkdriMdAUP44RWNJ5da8VRvY,,,,Pendiente,Ofrece menú del día y domicilios.
TEQ-060,Restaurante,Italiano,Il Tramonto Mirador Oculto,Anapoima,Provincia del Tequendama,"Vía Mesa de Yeguas, Cl. 4 #1-50E, Anapoima",4.5487767,-74.5338383,+57 302 5239357,,Mar cerrado; Lun y Mié–Jue 12:00–21:00; Vie–Dom 12:00–22:00,$$ (moderado),Consultar con el proveedor,https://www.google.com/maps/search/?api=1&query=Il%20Tramonto%20Mirador%20Oculto&query_place_id=ChIJD1tz4E0VP44RTUqqMMKOcS0,ChIJD1tz4E0VP44RTUqqMMKOcS0,,,,Pendiente,Con vista panorámica.
TEQ-061,Restaurante,Parrilla campestre,Sancho Parrilla Campestre,Anapoima,Provincia del Tequendama,"Vía Anapoima–Quipile, vereda San Antonio",4.5854497,-74.5449786,+57 311 5093467,,Solo Vie–Dom aprox. 12:00–17:00; confirmar,,Consultar con el proveedor,https://www.google.com/maps/search/?api=1&query=Sancho%20Parrilla%20Campestre&query_place_id=ChIJgWjUU5prP44RTYtOFKF0f4Y,ChIJgWjUU5prP44RTYtOFKF0f4Y,,,,Pendiente,Comida regional; acepta Nequi según reseñas.
TEQ-062,Restaurante,Gastrobar,Gastrobar El Portillo de Anolaima,Anolaima,Provincia del Tequendama,"Cra. 12 #1-221, Anolaima",4.7617765,-74.4589542,+57 305 4621430,,Lun–Mar 6:00–14:00; Mié–Jue 6:00–16:00; Vie 6:00–23:00; Sáb 6:00–00:00; Dom 6:00–16:00,,Consultar con el proveedor,https://www.google.com/maps/search/?api=1&query=Gastrobar%20El%20Portillo%20de%20Anolaima&query_place_id=ChIJbZlwshRlP44RZAL9Tbi9y9k,ChIJbZlwshRlP44RZAL9Tbi9y9k,,,,Pendiente,Eventos por reserva; una sola reseña.
TEQ-063,Restaurante,Comida típica,Restaurante La Tolda,Anolaima,Provincia del Tequendama,"Cra. 5 #1-94, Anolaima",4.7622968,-74.4638162,+57 311 5116795,,Lun 7:00–19:00; Mar–Mié cerrado; Jue–Vie 7:00–19:30; Sáb–Dom 7:00–20:00,$$ (moderado),Consultar con el proveedor,https://www.google.com/maps/search/?api=1&query=Restaurante%20La%20Tolda&query_place_id=ChIJW-3cziFlP44RKHS8xcLvtoo,ChIJW-3cziFlP44RKHS8xcLvtoo,,,,Pendiente,Fritanga y cocina colombiana.
TEQ-064,Restaurante,Piqueteadero,Restaurante Piqueteadero Maria's,Anolaima,Provincia del Tequendama,"Cl. 3 #11-8, Anolaima",4.7580944,-74.4616898,+57 313 2168091,,Lun–Mié cerrado; Jue–Dom 7:00–20:00,$$ (moderado),Tamal $7.000; café $3.000; bandejas $25.000–$35.000 (reseñas),https://www.google.com/maps/search/?api=1&query=Restaurante%20Piqueteadero%20Maria%27s&query_place_id=ChIJkxNY_1JkP44RVMPnkRZBfXM,ChIJkxNY_1JkP44RVMPnkRZBfXM,,,,Pendiente,Destino frecuente de ciclistas; reseñas discrepan sobre precio-calidad.
TEQ-065,Restaurante,Frutería / brunch,Frutería Colombia,Apulo,Provincia del Tequendama,"Cl. 12 #5-15, Apulo",4.5202616,-74.593491,+57 315 2374509,,Lun–Jue 10:00–20:30; Vie cerrado; Sáb–Dom 10:00–21:00,$$ (moderado),Consultar con el proveedor,https://www.google.com/maps/search/?api=1&query=Frutería%20Colombia&query_place_id=ChIJh3CQWPk_P44RXz-oeCLIXfo,ChIJh3CQWPk_P44RXz-oeCLIXfo,,,,Pendiente,Ensaladas de fruta y jugos.
TEQ-066,Restaurante,Piqueteadero,Piqueteadero Donde Freddy,Apulo,Provincia del Tequendama,"Vía Anapoima–Tocaima, Apulo",4.5215474,-74.5931879,+57 321 2429200,,Mar cerrado; resto de la semana 10:00–23:00,,Consultar con el proveedor,https://www.google.com/maps/search/?api=1&query=Piqueteadero%20Donde%20Freddy&query_place_id=ChIJWzIpKn4VP44RQCNTP4Hnq80,ChIJWzIpKn4VP44RQCNTP4Hnq80,,,,Pendiente,Almuerzos caseros y domicilios.
TEQ-067,Restaurante,Parrilla / cerveza artesanal,El Vagón de Mauro,Cachipay,Provincia del Tequendama,"Km 1, Peña Negra, Cachipay",4.7260107,-74.4442544,+57 313 3650252,,Lun–Mar cerrado; Mié 12:00–17:00; Jue 12:00–20:00; Vie 12:00–21:00; Sáb 11:30–23:00; Dom 12:00–23:00 (confirmar),$$ (moderado),Consultar con el proveedor,https://www.google.com/maps/search/?api=1&query=El%20Vagón%20de%20Mauro&query_place_id=ChIJoaibR1hlP44RWbmA4yH_jt0,ChIJoaibR1hlP44RWbmA4yH_jt0,,,,Pendiente,Cerveza artesanal propia.
TEQ-068,Restaurante,Café bar,"La Estación, Café Bar",Cachipay,Provincia del Tequendama,"Cl. 4 #3B-17, Cachipay",4.7310096,-74.43708,+57 301 4733151,,Lun cerrado; Mar–Vie 9:00–20:00; Sáb–Dom 9:00–22:00,$ (económico),Consultar con el proveedor,https://www.google.com/maps/search/?api=1&query=La%20Estación%2C%20Café%20Bar&query_place_id=ChIJaaJ3zOZlP44RHvW0f1ZJPFo,ChIJaaJ3zOZlP44RHvW0f1ZJPFo,,,,Pendiente,Café de la región; también espacio de eventos.
TEQ-069,Restaurante,Cocina de autor,Mestizo Cocina de Origen,El Colegio,Provincia del Tequendama,"Cra. 8 #7-73, Mesitas del Colegio",4.5831128,-74.4460567,+57 305 8629150,,Lun–Mié cerrado; Jue 14:00–18:00; Vie–Sáb 8:00–00:30; Dom 8:00–12:00,$$ (moderado),Consultar con el proveedor,https://www.google.com/maps/search/?api=1&query=Mestizo%20Cocina%20de%20Origen&query_place_id=ChIJ04IfehttP44ROuUxsttszJ4,ChIJ04IfehttP44ROuUxsttszJ4,,,,Pendiente,Cocina regional con productos locales; reseñas indican solo efectivo.
TEQ-070,Restaurante,Restaurante,Restaurante El Milagroso Gourmet,El Colegio,Provincia del Tequendama,"Cl. 10 #7-50, Mesitas del Colegio",4.5843652,-74.4461714,+57 321 3221750,https://el-milagroso-gourmet.ola.click/,Todos los días 12:00–22:00,$$ (moderado),Consultar con el proveedor,https://www.google.com/maps/search/?api=1&query=Restaurante%20El%20Milagroso%20Gourmet&query_place_id=ChIJIyj4qHJtP44Rt5_VJiFpPk8,ChIJIyj4qHJtP44Rt5_VJiFpPk8,,,,Pendiente,Frente al parque principal.
TEQ-071,Restaurante,Italiano,Il Parme Restaurante,La Mesa,Provincia del Tequendama,"Cl. 8 #17-02 Loc. 2, La Mesa",4.6334485,-74.4603106,+57 315 7109976,,Lun–Vie 12:00–21:00; Sáb–Dom 8:00–21:00,$$ (moderado),Consultar con el proveedor,https://www.google.com/maps/search/?api=1&query=Il%20Parme%20Restaurante&query_place_id=ChIJkSHSfuFtP44RuaWrJsdFySc,ChIJkSHSfuFtP44RuaWrJsdFySc,,,,Pendiente,Reseñas recientes mencionan demoras y posible cambio de dueño; verificar.
TEQ-072,Restaurante,Cocina gourmet,Los Almendros Restaurante (KAU Hotel),La Mesa,Provincia del Tequendama,"Cl. 4 #15-25, La Mesa",4.6307435,-74.4577821,+57 305 8171722,,Todos los días 8:00–20:00,$$ (moderado),Consultar con el proveedor,https://www.google.com/maps/search/?api=1&query=Los%20Almendros%20Restaurante%20%28KAU%20Hotel%29&query_place_id=ChIJTXBIC4RtP44RgcXE2dz2zls,ChIJTXBIC4RtP44RgcXE2dz2zls,,,,Pendiente,Atiende no huéspedes; admite mascotas.
TEQ-073,Restaurante,Comida típica,Restaurante Típico Piedras Vivas El Arriero,La Mesa,Provincia del Tequendama,"Cra. 20 #4-44, El Recreo, La Mesa",4.6297924,-74.4619166,+57 302 8313700,,Todos los días 7:00–20:00,$$ (moderado),Consultar con el proveedor,https://www.google.com/maps/search/?api=1&query=Restaurante%20Típico%20Piedras%20Vivas%20El%20Arriero&query_place_id=ChIJBWBMHwBtP44RUkTXfjbfRss,ChIJBWBMHwBtP44RUkTXfjbfRss,,,,Pendiente,Porciones completas y medias.
TEQ-074,Restaurante,Hamburguesas / bar,Chevato's Burger Club,Quipile,Provincia del Tequendama,"Casco urbano, Quipile",4.7442802,-74.5337468,,,Lun–Jue 10:00–23:59; Vie–Dom 10:00–02:00,,Consultar con el proveedor,https://www.google.com/maps/search/?api=1&query=Chevato%27s%20Burger%20Club&query_place_id=ChIJ1c07m0VmP44R5xlyTUg0QkM,ChIJ1c07m0VmP44R5xlyTUg0QkM,,,,Pendiente,Pocas reseñas.
TEQ-075,Restaurante,Comida típica,Restaurante El Rancho de Jairo,Tena,Provincia del Tequendama,"Vía Mosquera–La Mesa, Tena",4.6741042,-74.3736191,+57 302 4116461,,Todos los días 7:00–22:00,$$ (moderado),Consultar con el proveedor,https://www.google.com/maps/search/?api=1&query=Restaurante%20El%20Rancho%20de%20Jairo&query_place_id=ChIJ7aYz2ExwP44RFntWqKfoBw8,ChIJ7aYz2ExwP44RFntWqKfoBw8,,,,Pendiente,Parada habitual en la ruta a La Mesa/Anapoima.
TEQ-076,Restaurante,Comida típica,Restaurante Típico Mirador y Sabor,Tena,Provincia del Tequendama,"Km, vía Mosquera–La Mesa, Tena",4.6676351,-74.3882467,+57 320 9697408,,Lun–Mié 6:30–20:30; Jue 6:30–21:00; Vie 6:30–23:00; Sáb 6:30–22:00; Dom 6:30–22:30,$$ (moderado),Consultar con el proveedor,https://www.google.com/maps/search/?api=1&query=Restaurante%20Típico%20Mirador%20y%20Sabor&query_place_id=ChIJ4VpUq3VxP44ReV4uHeb5EEU,ChIJ4VpUq3VxP44ReV4uHeb5EEU,,,,Pendiente,Vista al valle.
TEQ-077,Restaurante,Restaurante campestre,Rincón Veleño Sede Campestre,Tena,Provincia del Tequendama,"Catalamonte, Tena",4.672695,-74.378661,+57 301 7615764,,Lun 7:00–19:00; Mar 6:00–19:00; Mié–Dom 6:00–22:00,$$ (moderado),Consultar con el proveedor,https://www.google.com/maps/search/?api=1&query=Rincón%20Veleño%20Sede%20Campestre&query_place_id=ChIJE5r6V0txP44R6YPRJK18kS4,ChIJE5r6V0txP44R6YPRJK18kS4,,,,Pendiente,Zona para mascotas.
TEQ-078,Restaurante,Gastrobar,Gastrobar Tablazo,Viotá,Provincia del Tequendama,"Cl. 19 #7-87, Viotá",4.4385338,-74.519688,+57 319 3598793,,,,Consultar con el proveedor,https://www.google.com/maps/search/?api=1&query=Gastrobar%20Tablazo&query_place_id=ChIJTRM8MEEXP44RNtqNe4-jCec,ChIJTRM8MEEXP44RNtqNe4-jCec,,,,Pendiente,Poca información; verificar.
TEQ-079,Restaurante,Bar y restaurante,Plaza Central Viotá,Viotá,Provincia del Tequendama,"Centro, Viotá",4.4412225,-74.5243564,,,Lun–Jue 10:00–22:00; Vie 10:00–00:00; Sáb 10:00–02:00; Dom 10:00–00:00,,Consultar con el proveedor,https://www.google.com/maps/search/?api=1&query=Plaza%20Central%20Viotá&query_place_id=ChIJ4Rei3AAXP44ReEAh-6BdSAM,ChIJ4Rei3AAXP44ReEAh-6BdSAM,,,,Pendiente,Música en vivo y karaoke.
TEQ-080,Restaurante,Comida típica,Restaurante El Caqueteño,Viotá,Provincia del Tequendama,"Cra. 11 #18-28, Viotá",4.4385539,-74.5221066,+57 321 2727244,,Lun–Sáb 7:30–17:00; Dom 7:00–17:00,$$ (moderado),Consultar con el proveedor,https://www.google.com/maps/search/?api=1&query=Restaurante%20El%20Caqueteño&query_place_id=ChIJa_bM7t8WP44RfcjYJSX-orY,ChIJa_bM7t8WP44RfcjYJSX-orY,,,,Pendiente,Horno de piedra; reseñas recientes mixtas en servicio.
TEQ-081,Atractivo turístico,Sendero,Camino Real de Anapoima,Anapoima,Provincia del Tequendama,"Cra. 2 #2-107, Anapoima",4.5473677,-74.5365108,,,,,Consultar con el proveedor,https://www.google.com/maps/search/?api=1&query=Camino%20Real%20de%20Anapoima&query_place_id=ChIJFYttbZMVP44RVreq39KSwKc,ChIJFYttbZMVP44RVreq39KSwKc,,,,Pendiente,Camino empedrado hacia baños medicinales; reseñas mencionan basura y mantenimiento.
TEQ-082,Atractivo turístico,Piscinas medicinales,El Rancho de Fecu Piscinas Medicinales,Anapoima,Provincia del Tequendama,"Vereda Santa Rosa, Anapoima",4.5448779,-74.536265,+57 313 2470250,,Todos los días 9:00–17:00,,Consultar con el proveedor,https://www.google.com/maps/search/?api=1&query=El%20Rancho%20de%20Fecu%20Piscinas%20Medicinales&query_place_id=ChIJxxPD39oUP44RB8Px4tojFkk,ChIJxxPD39oUP44RB8Px4tojFkk,,,,Pendiente,Piscina y baños de barro; reseñas dispares.
TEQ-083,Atractivo turístico,Parque / monumento,Parque de la Bienvenida,Anapoima,Provincia del Tequendama,"Cra. 2 #10-10, Anapoima",4.5557455,-74.5306321,+57 314 2807615,,Todos los días 8:00–12:30 y 14:00–17:00,,Consultar con el proveedor,https://www.google.com/maps/search/?api=1&query=Parque%20de%20la%20Bienvenida&query_place_id=ChIJUe8xwMwUP44RMEgyWEpXAJk,ChIJUe8xwMwUP44RMEgyWEpXAJk,,,,Pendiente,Homenaje a los caciques Ana y Poima.
TEQ-084,Atractivo turístico,Pueblo / cultural,Anolaima – Pueblo Panche,Anolaima,Provincia del Tequendama,"Cra. 8 #3-30, Anolaima",4.7603269,-74.4634165,,,Abierto todo el día,,Consultar con el proveedor,https://www.google.com/maps/search/?api=1&query=Anolaima%20–%20Pueblo%20Panche&query_place_id=ChIJY__medFlP44RnQumXtf9sTI,ChIJY__medFlP44RnQumXtf9sTI,,,,Pendiente,Casco urbano; fiesta de Corpus Christi según reseñas.
TEQ-085,Atractivo turístico,Parque,Parque Principal de Anolaima,Anolaima,Provincia del Tequendama,"Cl. 4 #3-54, Anolaima",4.7617957,-74.4651463,,,Abierto todo el día,,Consultar con el proveedor,https://www.google.com/maps/search/?api=1&query=Parque%20Principal%20de%20Anolaima&query_place_id=ChIJBVa6F05kP44RfHSH7DSQRZg,ChIJBVa6F05kP44RfHSH7DSQRZg,,,,Pendiente,
TEQ-086,Atractivo turístico,Laguna / caminata,Laguna de Salcedo,Apulo,Provincia del Tequendama,"Cl. 4A #24-19, Apulo (acceso por camino destapado)",4.5353457,-74.60971,,,Abierto todo el día (según Google),,Consultar con el proveedor,https://www.google.com/maps/search/?api=1&query=Laguna%20de%20Salcedo&query_place_id=ChIJYa-3r8M_P44RfnE7YDuFI4k,ChIJYa-3r8M_P44RfnE7YDuFI4k,,,,Pendiente,"Reserva hídrica; acceso por propiedad privada, sin señalización. Entrada sin costo según reseñas."
TEQ-087,Atractivo turístico,Parque,Parque Principal de Apulo,Apulo,Provincia del Tequendama,"Centro, Apulo",4.5192218,-74.5943161,,,,,Consultar con el proveedor,https://www.google.com/maps/search/?api=1&query=Parque%20Principal%20de%20Apulo&query_place_id=ChIJgZDOSNU_P44Rqxr0IHiSGVw,ChIJgZDOSNU_P44Rqxr0IHiSGVw,,,,Pendiente,Parque del casco urbano.
TEQ-088,Atractivo turístico,Mirador,Cueva del Mohan,Cachipay,Provincia del Tequendama,"Cachipay, límite con Anolaima",4.7274147,-74.4728452,,,Abierto todo el día (según Google),,Consultar con el proveedor,https://www.google.com/maps/search/?api=1&query=Cueva%20del%20Mohan&query_place_id=ChIJfehlpw1lP44RWq1vZmctzaQ,ChIJfehlpw1lP44RWq1vZmctzaQ,,,,Pendiente,Mirador con vista a varios municipios; señalización limitada.
TEQ-089,Atractivo turístico,Cascada / caminata,Salto de las Monjas,Cachipay,Provincia del Tequendama,"Vereda El Ocaso, Cachipay",4.6902124,-74.4404344,+57 321 3433055,,Abierto todo el día (según Google),,Consultar con el proveedor,https://www.google.com/maps/search/?api=1&query=Salto%20de%20las%20Monjas&query_place_id=ChIJqQZNW2FtP44RYstmML72888,ChIJqQZNW2FtP44RYstmML72888,,,,Pendiente,Caminata de unas 2 h con tramo final empinado; no apto para movilidad reducida.
TEQ-090,Atractivo turístico,Parque de aventura,Macadamia Bosque Aventura,La Mesa,Provincia del Tequendama,"Cl. 8 #2-19, La Mesa",4.6450008,-74.4488814,+57 317 5233855,,Todos los días 9:00–17:00,,Consultar con el proveedor,https://www.google.com/maps/search/?api=1&query=Macadamia%20Bosque%20Aventura&query_place_id=ChIJAbzUCX1uP44Run4t8kthCFk,ChIJAbzUCX1uP44Run4t8kthCFk,,,,Pendiente,Tirolesas y retos; pocas atenciones en días llenos según reseñas.
TEQ-091,Atractivo turístico,Parque,Parque Principal de Quipile,Quipile,Provincia del Tequendama,"Centro, Quipile",4.7439353,-74.5336192,,,,,Consultar con el proveedor,https://www.google.com/maps/search/?api=1&query=Parque%20Principal%20de%20Quipile&query_place_id=ChIJWXh7kUVmP44RjhZ8hWctpIo,ChIJWXh7kUVmP44RjhZ8hWctpIo,,,,Pendiente,Casco urbano; agroturismo en la zona.
TEQ-092,Atractivo turístico,Ecoparque,Ecoparque Ancestral Guandalay,San Antonio del Tequendama,Provincia del Tequendama,"Vereda Quebrada Grande, San Antonio del Tequendama",4.6098513,-74.3645248,+57 317 4238953,,Lun–Vie 8:00–18:30; Sáb–Dom 8:00–19:00,,Consultar con el proveedor,https://www.google.com/maps/search/?api=1&query=Ecoparque%20Ancestral%20Guandalay&query_place_id=ChIJ3S20rpRzP44RzvQAUWnAvOg,ChIJ3S20rpRzP44RzvQAUWnAvOg,,,,Pendiente,Aviturismo y contacto con animales; opera también como agencia.
TEQ-093,Atractivo turístico,Parque natural,Los Tunos Natural Park,San Antonio del Tequendama,Provincia del Tequendama,"Km 11.8 Troncal del Tequendama, vereda Arracachal",4.5668792,-74.3182186,+57 318 6933212,http://lostunos.com.co/,Todos los días 8:00–17:00,,Consultar con el proveedor,https://www.google.com/maps/search/?api=1&query=Los%20Tunos%20Natural%20Park&query_place_id=ChIJG93_-ltzP44ReyQo3hInHEI,ChIJG93_-ltzP44ReyQo3hInHEI,,,,Pendiente,"Senderos, cascada, pesca de trucha, almuerzo y alojamiento."
TEQ-094,Atractivo turístico,Parque temático,Parque Temático Cafetero Finca La Pedregoza,San Antonio del Tequendama,Provincia del Tequendama,"Santandercito, San Antonio del Tequendama",4.5954418,-74.3411291,+57 314 3305231,,,,Consultar con el proveedor,https://www.google.com/maps/search/?api=1&query=Parque%20Temático%20Cafetero%20Finca%20La%20Pedregoza&query_place_id=ChIJWUd0Dk9zP44RJo9pBSvltSM,ChIJWUd0Dk9zP44RJo9pBSvltSM,,,,No publicar,Reseñas indican que podría estar cerrado; NO publicar sin confirmar.
TEQ-095,Atractivo turístico,Parque natural,Parque Natural Chicaque,Soacha,Zona de influencia,"Vía Soacha, km 8",4.6063438,-74.3047537,+57 318 3506147,http://www.chicaque.com/,Todos los días 8:00–16:00,,Consultar con el proveedor,https://www.google.com/maps/search/?api=1&query=Parque%20Natural%20Chicaque&query_place_id=ChIJD2yOU9ObP44RCkjtPCpuWCg,ChIJD2yOU9ObP44RCkjtPCpuWCg,,,,Pendiente,"Bosque de niebla, senderos y alojamiento en cabañas."
TEQ-096,Atractivo turístico,Cascada / mirador,Salto del Tequendama,Soacha,Zona de influencia,"Soacha, Cundinamarca",4.5748595,-74.2933816,+57 315 8854047,,Abierto todo el día; museo con horario propio,,Casa-museo ~$12.000 con audioguía (reseña),https://www.google.com/maps/search/?api=1&query=Salto%20del%20Tequendama&query_place_id=ChIJbaL905V0P44RojyYLnkg3vc,ChIJbaL905V0P44RojyYLnkg3vc,,,,Pendiente,Ícono de la región; museo en casa histórica con entrada.
TEQ-097,Atractivo turístico,Cascada,Cascada El Tambo,Tena,Provincia del Tequendama,"Tena, Cundinamarca",4.6647086,-74.3759283,+57 321 3433055,,Aprox. 5:00–17:30 (según Google),,Consultar con el proveedor,https://www.google.com/maps/search/?api=1&query=Cascada%20El%20Tambo&query_place_id=ChIJs4AhMbpxP44RmF856drabL4,ChIJs4AhMbpxP44RmF856drabL4,,,,Pendiente,"Acceso con guía comunitaria; mismo teléfono que Salto de las Monjas, confirmar. Puede haber mucha gente en fines de semana."
TEQ-098,Atractivo turístico,Cascada,Cascada La Chorrera (Tena),Tena,Provincia del Tequendama,"Vereda Santa Bárbara, Tena",4.6540674,-74.3458642,,,,,Consultar con el proveedor,https://www.google.com/maps/search/?api=1&query=Cascada%20La%20Chorrera%20%28Tena%29&query_place_id=ChIJw4rvSLNxP44Rf21DMi67Q08,ChIJw4rvSLNxP44Rf21DMi67Q08,,,,No publicar,Reseñas indican acceso cerrado o privatizado y agua seca en verano; NO publicar sin confirmar.
TEQ-099,Atractivo turístico,Parque,Parque de Tena,Tena,Provincia del Tequendama,"Cl. 2 #22, Tena",4.6551237,-74.3882728,,,Abierto todo el día,,Consultar con el proveedor,https://www.google.com/maps/search/?api=1&query=Parque%20de%20Tena&query_place_id=ChIJa2N-H8JxP44Roi4c0_VvEEE,ChIJa2N-H8JxP44Roi4c0_VvEEE,,,,Pendiente,Mercado de comida los fines de semana.
TEQ-100,Atractivo turístico,Mirador / aventura,La Granja de Filemón – Puente de Cristal,Viotá,Provincia del Tequendama,"Viotá, Cundinamarca",4.4357936,-74.4607019,,,,,~$80.000 puente y atracciones (reseña),https://www.google.com/maps/search/?api=1&query=La%20Granja%20de%20Filemón%20–%20Puente%20de%20Cristal&query_place_id=ChIJq3_2PgARP44RkzUzKNJC9VE,ChIJq3_2PgARP44RkzUzKNJC9VE,,,,Pendiente,Puente de vidrio con vista a montañas; confirmar tarifas y atención.
TEQ-101,Agencia / Operador,Aventura / cuatrimotos,Adventure House,Anapoima,Provincia del Tequendama,"Cra. 2 #12-72, Anapoima",4.5555621,-74.5305622,+57 304 5249816,,Lun–Sáb 8:00–18:00; Dom 8:00–17:00,,Consultar con el proveedor,https://www.google.com/maps/search/?api=1&query=Adventure%20House&query_place_id=ChIJMZwdi9AUP44RCpavSKCILRo,ChIJMZwdi9AUP44RCpavSKCILRo,,,,Pendiente,Recorridos en cuatrimoto; hay una queja de cancelación.
TEQ-102,Agencia / Operador,Agencia / eventos,Anapoima Turismo,Anapoima,Provincia del Tequendama,"Cl. 6 #3A-73, Anapoima",4.5518097,-74.5350411,+57 320 2123028,,Lun–Vie 8:00–21:00; Sáb 8:00–14:00,,Consultar con el proveedor,https://www.google.com/maps/search/?api=1&query=Anapoima%20Turismo&query_place_id=ChIJ62J6iQgVP44RIQJB3mL4_T8,ChIJ62J6iQgVP44RIQJB3mL4_T8,,,,Pendiente,También organiza eventos.
TEQ-103,Agencia / Operador,Alquiler de fincas,DEPASEOENFINCAS.COM,Anapoima,Provincia del Tequendama,"Vereda La Chica, Anapoima",4.5678561,-74.5036786,+57 314 4749908,,Todos los días 9:00–17:00,,Consultar con el proveedor,https://www.google.com/maps/search/?api=1&query=DEPASEOENFINCAS.COM&query_place_id=ChIJ7-DRqlcVP44Rcll9vkmTU8A,ChIJ7-DRqlcVP44Rcll9vkmTU8A,,,,Pendiente,Intermediario de alquiler de fincas; muy valorado. Verificar RNT.
TEQ-104,Agencia / Operador,Oficina de turismo,"Oficina de Turismo, Municipio de Anapoima",Anapoima,Provincia del Tequendama,"Cra. 2 #10-269, Anapoima",4.5552436,-74.5310837,,,,,Consultar con el proveedor,https://www.google.com/maps/search/?api=1&query=Oficina%20de%20Turismo%2C%20Municipio%20de%20Anapoima&query_place_id=ChIJaTDzHEQVP44Rv7RavBs56XQ,ChIJaTDzHEQVP44Rv7RavBs56XQ,,,,No publicar,Reseñas indican que el local aparece vacío; confirmar con la alcaldía.
TEQ-105,Agencia / Operador,Agencia de viajes,Paraísos Travels,Anapoima,Provincia del Tequendama,"Cra. 5 Diagonal 38, Anapoima",4.5511145,-74.5368542,+57 302 7027778,,Todos los días 8:00–20:00,,Consultar con el proveedor,https://www.google.com/maps/search/?api=1&query=Paraísos%20Travels&query_place_id=ChIJVxt5fnEVP44R-aD_sV_qXe0,ChIJVxt5fnEVP44R-aD_sV_qXe0,,,,Pendiente,Sin reseñas; verificar.
TEQ-106,Agencia / Operador,Ciclismo / turismo,Pedaleemos Juntos,Anolaima,Provincia del Tequendama,"Parque principal, Anolaima",4.7613121,-74.4651416,+57 316 3477179,,Lun–Sáb 8:00–16:00,,Consultar con el proveedor,https://www.google.com/maps/search/?api=1&query=Pedaleemos%20Juntos&query_place_id=ChIJITFA_SZlP44Rw610oIYMIGc,ChIJITFA_SZlP44Rw610oIYMIGc,,,,Pendiente,Sin reseñas; verificar oferta real.
TEQ-107,Agencia / Operador,Agencia / guianza,Turismo Sin Límites,Cachipay,Provincia del Tequendama,"Cl. 2 #2-74, Cachipay",4.7295085,-74.4363387,+57 312 4425094,,Lun–Vie 8:00–18:00; Sáb–Dom 8:00–13:00,,Consultar con el proveedor,https://www.google.com/maps/search/?api=1&query=Turismo%20Sin%20Límites&query_place_id=ChIJj0-7TwBlP44RZEjL2khLyIA,ChIJj0-7TwBlP44RZEjL2khLyIA,,,,Pendiente,Caminatas guiadas y planes de fin de semana; pocas reseñas.
TEQ-108,Agencia / Operador,Promotora de turismo,Promotora de Turismo Sol & Luna,El Colegio,Provincia del Tequendama,"Cl. 9 #6-24, Mesitas del Colegio",4.5840435,-74.4450928,+57 311 4792780,,Confirmar horario,,Consultar con el proveedor,https://www.google.com/maps/search/?api=1&query=Promotora%20de%20Turismo%20Sol%20%26%20Luna&query_place_id=ChIJ62XmZnNtP44RYcKyqZo8du8,ChIJ62XmZnNtP44RYcKyqZo8du8,,,,Pendiente,Google muestra 24 h; confirmar.
TEQ-109,Agencia / Operador,Operador de ecoturismo,Nación Panche Travel,La Mesa,Provincia del Tequendama,"Vereda La Esperanza, La Mesa",4.6974314,-74.4302109,+57 302 3704912,,,,Consultar con el proveedor,https://www.google.com/maps/search/?api=1&query=Nación%20Panche%20Travel&query_place_id=ChIJ2xReBgBvP44RVlTO10p62Bk,ChIJ2xReBgBvP44RVlTO10p62Bk,,,,Pendiente,"Ecoturismo comunitario: cascadas, senderos y santuario de abejas."
TEQ-110,Agencia / Operador,Agencia / alquiler de fincas,Puerta Turística,La Mesa,Provincia del Tequendama,"Cl. 5 #24-106, La Mesa",4.6283646,-74.4660653,+57 317 6409505,,Lun cerrado; Mar–Sáb 8:15–18:00; Dom 14:00–17:00,,Consultar con el proveedor,https://www.google.com/maps/search/?api=1&query=Puerta%20Turística&query_place_id=ChIJFdoeQUJsP44R-BBBauzx2iE,ChIJFdoeQUJsP44R-BBBauzx2iE,,,,Pendiente,"Reseñas mixtas, incluida una queja por incumplimiento en alquiler; verificar RNT."
TEQ-111,Agencia / Operador,Agencia de viajes,Turismo del Tequendama,La Mesa,Provincia del Tequendama,"Cl. 7 #20-45 Of. 003, La Mesa",4.6317567,-74.4629925,+57 322 7026705,,Lun–Vie 11:30–18:00; Sáb 9:00–14:00,,Consultar con el proveedor,https://www.google.com/maps/search/?api=1&query=Turismo%20del%20Tequendama&query_place_id=ChIJhwff1HdtP44Rk1n56o4ylBg,ChIJhwff1HdtP44Rk1n56o4ylBg,,,,Pendiente,
TEQ-112,Agencia / Operador,Agencia de viajes,Viajes y Turismo CJ Sierras,La Mesa,Provincia del Tequendama,"Cl. 8 #25-01 Local 1, La Mesa",4.6291646,-74.4661026,+57 312 7851691,,Lun–Sáb 8:00–19:00,,Consultar con el proveedor,https://www.google.com/maps/search/?api=1&query=Viajes%20y%20Turismo%20CJ%20Sierras&query_place_id=ChIJQ4pNEt9tP44RtKs34lSVEvQ,ChIJQ4pNEt9tP44RtKs34lSVEvQ,,,,Pendiente,
